data,dia_semana,inicio,fim,duracao_min,etiqueta,materia,tarefa,semana,dia_plano
2026-09-23,Qua,19:00,20:10,70,ESP,Específicas,"Filas (FIFO): fila simples, fila circular (índices com módulo; como distinguir cheia de vazia), deque e fila de prioridade — operações e custo. Revisão rápida de pilhas (LIFO) e aplicações: parênteses balanceados, notação pós-fixa, pilha de chamadas da recursão",1,1
2026-09-23,Qua,20:10,20:20,10,PAU,Pausa,Pausa,1,1
2026-09-23,Qua,20:20,21:00,40,ESP,Específicas,"20 questões — filas e pilhas, incluindo 'qual a sequência de saída' depois de push/pop/enqueue/dequeue",1,1
2026-09-23,Qua,21:00,21:40,40,POR,Português,"Diagnóstico IDIB — Português de Jaboatão 2024 (questões 1 a 10) em 25 min cronometrados, e correção. Anote o tema de cada erro",1,1
2026-09-23,Qua,21:40,22:00,20,REV,Revisão,Caderno de erros do dia e flashcards,1,1
2026-09-23,Qua,22:00,22:10,10,ADM,Logística,"Área do Candidato: se pediu isenção, o resultado preliminar sai hoje (recurso em 24 e 25/09). Confirme que a inscrição está feita — o boleto pode ser pago até 14/10",1,1
2026-09-24,Qui,19:00,20:10,70,ESP,Específicas,"Árvores: terminologia (raiz, folha, grau, nível, altura, profundidade); árvore binária e árvore binária de busca — inserção, busca e remoção de nó com 0, 1 ou 2 filhos; percursos pré-ordem, em ordem, pós-ordem e em largura",1,2
2026-09-24,Qui,20:10,20:20,10,PAU,Pausa,Pausa,1,2
2026-09-24,Qui,20:20,21:00,40,ESP,Específicas,20 questões — árvores; monte à mão os percursos de pelo menos 3 árvores,1,2
2026-09-24,Qui,21:00,21:40,40,RLO,Raciocínio Lógico,"Diagnóstico IDIB — RL de Jaboatão 2024 (17 a 20) e CREMERJ 2019 (11 a 15): 9 questões em 25 min, e correção",1,2
2026-09-24,Qui,21:40,22:00,20,REV,Revisão,Caderno de erros do dia e flashcards,1,2
2026-09-25,Sex,19:00,20:10,70,ESP,Específicas,"AVL (fator de balanceamento, rotações simples e duplas), rubro-negra (propriedades), árvore B (base dos índices de banco), heaps (máximo e mínimo, representação em vetor com filhos em 2i+1 e 2i+2, heapify) e tabelas hash (função hash, colisão por encadeamento e por endereçamento aberto, fator de carga, rehash); dicionários em Python, HashMap em Java e Map em JavaScript",1,3
2026-09-25,Sex,20:10,20:20,10,PAU,Pausa,Pausa,1,3
2026-09-25,Sex,20:20,21:00,40,ESP,Específicas,"20 questões — árvores balanceadas, heaps e hash",1,3
2026-09-25,Sex,21:00,21:40,40,ETI,Ética e Legislação,"LGPD (Lei 13.709/2018) arts. 1º a 6º — fundamentos, aplicação, definições do art. 5º (dado pessoal, sensível, anonimizado, titular, controlador, operador, encarregado, tratamento) e os 10 princípios do art. 6º",1,3
2026-09-25,Sex,21:40,22:00,20,REV,Revisão,Caderno de erros do dia e flashcards,1,3
2026-09-26,Sáb,08:00,09:45,105,ESP,Específicas,"Ordenação: Bubble, Selection, Insertion, Merge, Quick e Heap Sort, mais a noção de Counting e Radix — melhor, médio e pior caso, estabilidade e se é in-place. Pesquisa sequencial x binária (exige vetor ordenado, O(log n)). Monte a tabela-resumo de complexidades",1,4
2026-09-26,Sáb,09:45,10:00,15,PAU,Pausa,Pausa,1,4
2026-09-26,Sáb,10:00,10:45,45,ESP,Específicas,25 questões — ordenação e pesquisa,1,4
2026-09-26,Sáb,10:45,12:00,75,POR,Português,"Palavras que a IDIB adora: QUE (pronome relativo, conjunção integrante, causal, comparativa, consecutiva, advérbio, partícula expletiva), SE (pronome apassivador, índice de indeterminação, reflexivo, conjunção condicional e integrante) e A (artigo, preposição, pronome). Refaça Jaboatão 4 e 6 e CREMEC 3",1,4
2026-09-26,Sáb,12:00,13:15,75,PAU,Pausa,Almoço,1,4
2026-09-26,Sáb,13:15,14:00,45,RLO,Raciocínio Lógico,"Conjuntos: pertinência, inclusão, igualdade, união, interseção, diferença, complementar; Venn com 2 conjuntos; n(A∪B) = n(A) + n(B) − n(A∩B). Refaça CREMERJ 11 e 14 e Jaboatão 19",1,4
2026-09-26,Sáb,14:00,15:15,75,RED,Redação,"Redação 1 (diagnóstica) — 'O uso de inteligência artificial generativa no Poder Legislativo municipal: oportunidades, riscos e supervisão humana'. À mão, 20 a 30 linhas, 60 min, e 15 min de autocorreção pela grade do item 12.3",1,4
2026-09-26,Sáb,15:15,15:30,15,REV,Revisão,Fechamento da semana — revisar o caderno de erros inteiro,1,4
2026-09-27,Dom,08:00,10:00,120,ESP,Específicas,"Bateria de 40 questões: estruturas de dados, ordenação e complexidade (laços aninhados, recorrência T(n) = 2T(n/2) + n). Inclua 10 questões de 'qual a saída do código' com teste de mesa — revisão de lógica, funções e recursividade",1,5
2026-09-27,Dom,10:00,10:15,15,PAU,Pausa,Pausa,1,5
2026-09-27,Dom,10:15,11:15,60,ETI,Ética e Legislação,"Lei seca LGPD arts. 7º a 22 — as 10 bases legais (art. 7º), dados sensíveis (art. 11), crianças e adolescentes (art. 14), término do tratamento (arts. 15 e 16) e direitos do titular (arts. 17 a 22)",1,5
2026-09-27,Dom,11:15,11:55,40,POR,Português,"Português CREMEC 2021 (questões 1 a 10) cronometrado, e correção",1,5
2026-09-27,Dom,11:55,12:15,20,RLO,Raciocínio Lógico,Refazer os erros do diagnóstico de RL sem olhar a resolução,1,5
2026-09-27,Dom,12:15,13:15,60,REV,Revisão,Correção comentada + regra de adaptação: % de acerto por assunto e ajuste da semana seguinte,1,5
2026-09-28,Seg,19:00,20:10,70,ESP,Específicas,"POO — fundamentos: classe x objeto; atributos, métodos e construtores; identidade, estado e comportamento; mensagem (pedido de um objeto a outro); abstração; encapsulamento e modificadores de acesso do Java (private, default, protected, public); membros static x de instância",2,6
2026-09-28,Seg,20:10,20:20,10,PAU,Pausa,Pausa,2,6
2026-09-28,Seg,20:20,21:00,40,ESP,Específicas,20 questões de POO + refaça CREMEC 33 (identidade do objeto) e 44 (mensagem),2,6
2026-09-28,Seg,21:00,21:40,40,POR,Português,"Período composto I — coordenação: assindéticas e sindéticas (aditivas, adversativas, alternativas, conclusivas, explicativas) e conectivos equivalentes (portanto = logo = por isso = sendo assim). Refaça Jaboatão 5",2,6
2026-09-28,Seg,21:40,22:00,20,REV,Revisão,Caderno de erros do dia e flashcards,2,6
2026-09-29,Ter,19:00,20:10,70,ESP,Específicas,"Herança (simples x múltipla; Java e C# herdam de uma classe e implementam várias interfaces), sobrescrita (override) x sobrecarga (overload), super, classes e métodos abstratos, interfaces (métodos default no Java 8+), final, polimorfismo (de subtipo, paramétrico/generics, sobrecarga, coerção) e ligação dinâmica",2,7
2026-09-29,Ter,20:10,20:20,10,PAU,Pausa,Pausa,2,7
2026-09-29,Ter,20:20,21:00,40,ESP,Específicas,20 questões + refaça CREMEC 32 e Xinguara 16,2,7
2026-09-29,Ter,21:00,21:40,40,RLO,Raciocínio Lógico,"Conjuntos com 3 conjuntos (preencher o Venn de dentro para fora), 'somente A', 'nenhum dos dois'; problemas de comparação",2,7
2026-09-29,Ter,21:40,22:00,20,REV,Revisão,Caderno de erros do dia e flashcards,2,7
2026-09-30,Qua,19:00,20:10,70,ESP,Específicas,"Relacionamentos entre classes: associação (multiplicidade, navegabilidade), agregação (◇ a parte existe sem o todo), composição (◆ a parte morre com o todo), dependência, generalização e realização; composição x herança; alta coesão e baixo acoplamento. Diagrama de classes UML: visibilidade (+ − # ~), atributo: tipo, método(): retorno, membro estático sublinhado, abstrato em itálico, <<interface>>",2,8
2026-09-30,Qua,20:10,20:20,10,PAU,Pausa,Pausa,2,8
2026-09-30,Qua,20:20,21:00,40,ESP,Específicas,"20 questões + refaça CREMEC 24, 38 e 47 e Xinguara 26 — as quatro caíram exatamente neste ponto",2,8
2026-09-30,Qua,21:00,21:40,40,POR,Português,"Período composto II — subordinadas adverbiais (causal, concessiva, condicional, conformativa, consecutiva, comparativa, final, proporcional, temporal): a conjunção típica de cada uma e a troca de conectivo sem mudar o sentido. Refaça Jaboatão 3, CREMEC 6 e 9, Xinguara 4",2,8
2026-09-30,Qua,21:40,22:00,20,REV,Revisão,Caderno de erros do dia e flashcards,2,8
2026-10-01,Qui,19:00,20:10,70,ESP,Específicas,"Design Patterns (GoF) — criacionais: Singleton, Factory Method, Abstract Factory, Builder, Prototype; estruturais: Adapter, Decorator, Facade, Composite, Proxy, Bridge. Para cada um, a intenção em uma frase e o problema que resolve",2,9
2026-10-01,Qui,20:10,20:20,10,PAU,Pausa,Pausa,2,9
2026-10-01,Qui,20:20,21:00,40,ESP,Específicas,20 questões — padrões criacionais e estruturais,2,9
2026-10-01,Qui,21:00,21:40,40,RLO,Raciocínio Lógico,"Sequências lógicas de números, letras (posição no alfabeto) e figuras; padrões alternados. Refaça Jaboatão 17",2,9
2026-10-01,Qui,21:40,22:00,20,REV,Revisão,Caderno de erros do dia e flashcards,2,9
2026-10-02,Sex,19:00,20:10,70,ESP,Específicas,"Padrões comportamentais: Observer, Strategy, Command, Template Method, Iterator, State, Chain of Responsibility, Mediator, Memento. Pares que confundem: Strategy x State, Decorator x Proxy x Adapter, Factory Method x Abstract Factory. MVC como padrão de arquitetura",2,10
2026-10-02,Sex,20:10,20:20,10,PAU,Pausa,Pausa,2,10
2026-10-02,Sex,20:20,21:00,40,ESP,Específicas,20 questões — padrões comportamentais e mistos,2,10
2026-10-02,Sex,21:00,21:40,40,ETI,Ética e Legislação,"LAI (Lei 12.527/2011): transparência ativa (art. 8º) e passiva, pedido de acesso (arts. 10 a 14), prazo de 20 dias prorrogável por mais 10, recursos, classificação de sigilo (ultrassecreta 25 anos, secreta 15, reservada 5) e informações pessoais (art. 31)",2,10
2026-10-02,Sex,21:40,22:00,20,REV,Revisão,Caderno de erros do dia e flashcards,2,10
2026-10-03,Sáb,08:00,09:45,105,ESP,Específicas,"SOLID (SRP, OCP, LSP, ISP, DIP): definição, exemplo de violação e o padrão que resolve. Clean Code: nomes significativos, funções pequenas que fazem uma coisa, poucos parâmetros, comentário x código autoexplicativo, tratamento de erros, DRY, KISS, YAGNI, Lei de Deméter. Code smells e refatorações (Extract Method, Rename, Move Method, Replace Conditional with Polymorphism)",2,11
2026-10-03,Sáb,09:45,10:00,15,PAU,Pausa,Pausa,2,11
2026-10-03,Sáb,10:00,10:45,45,ESP,Específicas,"25 questões — SOLID, Clean Code e refatoração",2,11
2026-10-03,Sáb,10:45,12:00,75,POR,Português,"Período composto III — subordinadas substantivas (subjetiva, objetiva direta e indireta, completiva nominal, predicativa, apositiva) e adjetivas (restritiva x explicativa), orações reduzidas; classificar períodos mistos. Refaça CREMEC 10 e Xinguara 5",2,11
2026-10-03,Sáb,12:00,13:15,75,PAU,Pausa,Almoço,2,11
2026-10-03,Sáb,13:15,14:00,45,RLO,Raciocínio Lógico,"PA e PG: termo geral, soma dos termos, PG infinita; logaritmo básico (log 10ⁿ = n). Refaça Jaboatão 20",2,11
2026-10-03,Sáb,14:00,15:15,75,RED,Redação,Redação 2 — 'Privacidade desde a concepção: como a LGPD deve orientar o desenvolvimento dos sistemas da Câmara',2,11
2026-10-03,Sáb,15:15,15:30,15,REV,Revisão,Fechamento da semana — revisar o caderno de erros inteiro,2,11
2026-10-04,Dom,08:00,10:00,120,ESP,Específicas,"DDD em 30 min (linguagem ubíqua, bounded context, entidade x value object, agregado e raiz, repositório, serviço de domínio, eventos de domínio, camadas) e depois bateria de 35 questões de POO, Patterns e SOLID",2,12
2026-10-04,Dom,10:00,10:15,15,PAU,Pausa,Pausa,2,12
2026-10-04,Dom,10:15,11:15,60,ETI,Ética e Legislação,"Lei seca LAI — arts. 3º, 6º a 8º, 10 a 12, 21 a 31 e 32 (condutas ilícitas) + 10 questões",2,12
2026-10-04,Dom,11:15,11:55,40,POR,Português,"Português Xinguara 2020 (questões 1 a 10) cronometrado, e correção",2,12
2026-10-04,Dom,11:55,12:15,20,RLO,Raciocínio Lógico,10 questões de conjuntos e sequências,2,12
2026-10-04,Dom,12:15,13:15,60,REV,Revisão,Correção comentada + regra de adaptação: % de acerto por assunto e ajuste da semana seguinte,2,12
2026-10-05,Seg,19:00,20:10,70,ESP,Específicas,"SGBD: funções, arquitetura em 3 níveis (ANSI/SPARC), independência lógica e física, dicionário de dados. MER: entidade forte e fraca; atributos simples, composto, multivalorado, derivado e chave; relacionamentos e cardinalidade (1:1, 1:N, N:N, mínima e máxima); auto-relacionamento (aceita qualquer cardinalidade); especialização e generalização; entidade associativa",3,13
2026-10-05,Seg,20:10,20:20,10,PAU,Pausa,Pausa,3,13
2026-10-05,Seg,20:20,21:00,40,ESP,Específicas,20 questões + refaça Xinguara 20,3,13
2026-10-05,Seg,21:00,21:40,40,POR,Português,"Concordância verbal: sujeito composto, 'um dos que', coletivos, 'haver' e 'fazer' impessoais, verbo + SE (o apassivador concorda; o índice de indeterminação fica no singular — 'admitem-se' x 'precisa-se'), nomes no plural com artigo ('Os Estados Unidos influenciam'), 'nem... nem'. Refaça Jaboatão 9",3,13
2026-10-05,Seg,21:40,22:00,20,REV,Revisão,Caderno de erros do dia e flashcards,3,13
2026-10-06,Ter,19:00,20:10,70,ESP,Específicas,"Modelos conceitual, lógico e físico. Modelo relacional: relação, tupla, atributo, domínio, grau; chaves (superchave, candidata, primária, alternativa, estrangeira); integridade de domínio, de entidade e referencial; mapeamento MER → relacional (N:N vira tabela associativa). Álgebra relacional: seleção σ, projeção π, união, diferença, produto cartesiano, junção ⋈, renomeação ρ, divisão ÷",3,14
2026-10-06,Ter,20:10,20:20,10,PAU,Pausa,Pausa,3,14
2026-10-06,Ter,20:20,21:00,40,ESP,Específicas,20 questões + refaça Xinguara 19,3,14
2026-10-06,Ter,21:00,21:40,40,RLO,Raciocínio Lógico,"Lógica proposicional: o que é proposição (frases exclamativas, interrogativas e sentenças abertas não são — refaça CREMERJ 13), conectivos (~, ∧, ∨, ⊻, →, ↔), tabela-verdade, tautologia, contradição, contingência",3,14
2026-10-06,Ter,21:40,22:00,20,REV,Revisão,Caderno de erros do dia e flashcards,3,14
2026-10-07,Qua,19:00,20:10,70,ESP,Específicas,"Normalização: dependência funcional (total, parcial, transitiva); anomalias de inserção, atualização e exclusão; 1FN, 2FN, 3FN e BCNF; desnormalização. Normalize à mão 2 tabelas até a 3FN",3,15
2026-10-07,Qua,20:10,20:20,10,PAU,Pausa,Pausa,3,15
2026-10-07,Qua,20:20,21:00,40,ESP,Específicas,20 questões — normalização,3,15
2026-10-07,Qua,21:00,21:40,40,POR,Português,"Concordância nominal: 'é necessário' e 'é proibido' com e sem determinante (refaça Xinguara 2), anexo, incluso, obrigado, mesmo, próprio, meio, bastante, menos, só, possível",3,15
2026-10-07,Qua,21:40,22:00,20,REV,Revisão,Caderno de erros do dia e flashcards,3,15
2026-10-07,Qua,22:00,22:10,10,ADM,Logística,Resultado definitivo das isenções na Área do Candidato,3,15
2026-10-08,Qui,19:00,20:10,70,ESP,Específicas,"SQL I: DDL (CREATE, ALTER, DROP, TRUNCATE; PRIMARY KEY, FOREIGN KEY ... ON DELETE CASCADE, UNIQUE, NOT NULL, CHECK, DEFAULT); DML (INSERT; UPDATE ... SET a = 1, b = 2 — com vírgula, nunca AND; DELETE FROM, sem *); SELECT com DISTINCT, WHERE, BETWEEN, IN, LIKE (% e _), IS NULL, ORDER BY, GROUP BY, HAVING x WHERE; COUNT(*) x COUNT(coluna); DCL e DTL; ordem lógica de execução (FROM → WHERE → GROUP BY → HAVING → SELECT → ORDER BY)",3,16
2026-10-08,Qui,20:10,20:20,10,PAU,Pausa,Pausa,3,16
2026-10-08,Qui,20:20,21:00,40,ESP,Específicas,20 questões + refaça Xinguara 22 e 24 e CREMEC 30 — as três exploram detalhe de sintaxe,3,16
2026-10-08,Qui,21:00,21:40,40,RLO,Raciocínio Lógico,"Equivalências e negações: p→q ≡ ~q→~p ≡ ~p∨q; De Morgan; ~(p→q) ≡ p∧~q; negação de 'todo', 'algum' e 'nenhum'",3,16
2026-10-08,Qui,21:40,22:00,20,REV,Revisão,Caderno de erros do dia e flashcards,3,16
2026-10-09,Sex,19:00,20:10,70,ESP,Específicas,"SQL II: JOINs (INNER, LEFT, RIGHT, FULL, CROSS, self-join), subconsultas (IN, NOT IN com NULL, EXISTS, correlacionadas, ANY/ALL), UNION x UNION ALL, INTERSECT, EXCEPT/MINUS, views, índices (B-tree, único, composto, custo nas escritas), procedures x functions, triggers, CTE (WITH). PostgreSQL x Oracle: SERIAL/IDENTITY, LIMIT/OFFSET x FETCH FIRST/ROWNUM, DUAL, sequences, NVL x COALESCE, VARCHAR2, PL/pgSQL x PL/SQL, ILIKE, RETURNING",3,17
2026-10-09,Sex,20:10,20:20,10,PAU,Pausa,Pausa,3,17
2026-10-09,Sex,20:20,21:00,40,ESP,Específicas,20 questões — joins e subconsultas; escreva 5 consultas à mão,3,17
2026-10-09,Sex,21:00,21:40,40,ETI,Ética e Legislação,"Lei 14.129/2021 (Governo Digital): princípios e diretrizes (art. 3º), definições (art. 4º), prestação digital de serviços, Base Nacional de Serviços Públicos, interoperabilidade de dados, laboratórios de inovação, dados abertos",3,17
2026-10-09,Sex,21:40,22:00,20,REV,Revisão,Caderno de erros do dia e flashcards,3,17
2026-10-10,Sáb,08:00,09:45,105,ESP,Específicas,"Transações: ACID, estados, COMMIT, ROLLBACK, SAVEPOINT; níveis de isolamento x anomalias (dirty read, non-repeatable read, phantom read); bloqueio compartilhado x exclusivo, 2PL, deadlock, MVCC; log e recuperação (WAL, checkpoint). Otimização: EXPLAIN, full scan x index scan, seletividade, função sobre coluna indexada anula o índice. NoSQL: chave-valor (Redis: memória, TTL, cache, estruturas), documento (MongoDB: BSON, coleções, _id, esquema flexível, replica set, sharding), colunar e grafo; teorema CAP; ACID x BASE; escala horizontal x vertical",3,18
2026-10-10,Sáb,09:45,10:00,15,PAU,Pausa,Pausa,3,18
2026-10-10,Sáb,10:00,10:45,45,ESP,Específicas,"25 questões — transações, concorrência e NoSQL",3,18
2026-10-10,Sáb,10:45,12:00,75,POR,Português,"Regência verbal e nominal (assistir, visar, aspirar, obedecer, preferir, implicar, chegar e ir a, esquecer e lembrar, trair — refaça Xinguara 9) e crase (obrigatória, proibida, facultativa; não há crase antes de 'todas', de palavra masculina nem de verbo; 'cedeu o lugar à senhora'; lugares: 'vou a Londres, volto de Londres'). Refaça Jaboatão 10 e CREMEC 7",3,18
2026-10-10,Sáb,12:00,13:15,75,PAU,Pausa,Almoço,3,18
2026-10-10,Sáb,13:15,14:00,45,RLO,Raciocínio Lógico,"Argumentação e dedução: modus ponens, modus tollens, silogismo disjuntivo, 'considere verdadeiras as premissas'; diagramas lógicos (todo, algum, nenhum). Refaça CREMERJ 15",3,18
2026-10-10,Sáb,14:00,15:15,75,RED,Redação,Redação 3 — 'Dados abertos e APIs públicas como instrumentos de transparência do Legislativo (LAI e Lei 14.129)',3,18
2026-10-10,Sáb,15:15,15:30,15,REV,Revisão,Fechamento da semana — revisar o caderno de erros inteiro,3,18
2026-10-11,Dom,08:00,10:00,120,ESP,Específicas,"Bateria de 40 questões de banco de dados + escreva 10 consultas SQL à mão a partir de um esquema de 3 tabelas (joins, GROUP BY com HAVING, subconsulta)",3,19
2026-10-11,Dom,10:00,10:15,15,PAU,Pausa,Pausa,3,19
2026-10-11,Dom,10:15,11:15,60,ETI,Ética e Legislação,"Ética no serviço público: ética x moral, valores, virtude, honestidade, integridade, decoro e zelo; ética, democracia e cidadania; princípios LIMPE (art. 37 da Constituição) aplicados à ética + 10 questões",3,19
2026-10-11,Dom,11:15,11:55,40,POR,Português,"Português CREMERJ 2019 (questões 1 a 10) cronometrado, e correção",3,19
2026-10-11,Dom,11:55,12:15,20,RLO,Raciocínio Lógico,10 questões de lógica proposicional,3,19
2026-10-11,Dom,12:15,13:15,60,REV,Revisão,Correção comentada + regra de adaptação: % de acerto por assunto e ajuste da semana seguinte,3,19
2026-10-12,Seg,19:00,20:10,70,ESP,Específicas,"Python: tipos (int, float, str, list, tuple, dict, set), mutabilidade, fatiamento s[início:fim:passo], list e dict comprehension, operadores (//, %, **, is x ==, and/or devolvem um dos operandos), funções (*args, **kwargs, argumento padrão mutável), escopo (LEGB, global, nonlocal), exceções, classes (self, __init__, herança, métodos especiais), None e valores verdadeiros/falsos",4,20
2026-10-12,Seg,20:10,20:20,10,PAU,Pausa,Pausa,4,20
2026-10-12,Seg,20:20,21:00,40,ESP,Específicas,25 questões de 'qual a saída' em Python — execute mentalmente antes de conferir,4,20
2026-10-12,Seg,21:00,21:40,40,POR,Português,"Colocação pronominal: próclise (negação, pronome relativo, advérbio, conjunção subordinativa, pronome indefinido), ênclise (início de frase, imperativo afirmativo, gerúndio), mesóclise (futuro do presente e do pretérito), locuções verbais. Refaça CREMEC 2 e Xinguara 10",4,20
2026-10-12,Seg,21:40,22:00,20,REV,Revisão,Caderno de erros do dia e flashcards,4,20
2026-10-13,Ter,19:00,20:10,70,ESP,Específicas,"JavaScript: var x let x const (escopo, hoisting, TDZ), tipos e coerção (== x ===, truthy e falsy, typeof null, NaN), funções (arrow, closures, this), arrays (map, filter, reduce, forEach, spread), objetos e desestruturação, Promises e async/await, event loop, DOM (getElementById, innerHTML), Date (getDay é o dia da semana, getDate é o dia do mês, getMonth começa em 0, getYear é o ano menos 1900)",4,21
2026-10-13,Ter,20:10,20:20,10,PAU,Pausa,Pausa,4,21
2026-10-13,Ter,20:20,21:00,40,ESP,Específicas,20 questões de saída em JavaScript + refaça Xinguara 32,4,21
2026-10-13,Ter,21:00,21:40,40,RLO,Raciocínio Lógico,"Análise combinatória: princípio fundamental da contagem, permutação simples e com repetição (anagramas), arranjo e combinação",4,21
2026-10-13,Ter,21:40,22:00,20,REV,Revisão,Caderno de erros do dia e flashcards,4,21
2026-10-13,Ter,22:00,22:10,10,ADM,Logística,"Último dia de inscrição (até 23h59, horário do Acre) — confirme a sua",4,21
2026-10-14,Qua,19:00,20:10,70,ESP,Específicas,"TypeScript: tipagem estática e inferência, interface x type, union e intersection, generics, enum, any x unknown x never, propriedades opcionais (?), tsconfig e transpilação para JS. Node.js: V8, event loop, I/O não bloqueante numa única thread, npm e package.json, CommonJS (require) x ES Modules (import), Express (rotas e middlewares)",4,22
2026-10-14,Qua,20:10,20:20,10,PAU,Pausa,Pausa,4,22
2026-10-14,Qua,20:20,21:00,40,ESP,Específicas,20 questões — TypeScript e Node.js,4,22
2026-10-14,Qua,21:00,21:40,40,POR,Português,"Acentuação gráfica e Acordo Ortográfico (ideia, heroico, voo, leem, hiatos, acentos diferenciais pôr/por, pôde/pode, têm/tem) e ortografia (porquês, mal/mau, onde/aonde, s/z/ç/ss). Refaça Jaboatão 7 e CREMEC 5",4,22
2026-10-14,Qua,21:40,22:00,20,REV,Revisão,Caderno de erros do dia e flashcards,4,22
2026-10-14,Qua,22:00,22:10,10,ADM,Logística,Último dia para gerar e pagar o boleto da inscrição,4,22
2026-10-15,Qui,19:00,20:10,70,ESP,Específicas,"Java: primitivos x wrappers (autoboxing), String imutável (equals x ==, substring com fim exclusivo, indexOf, charAt, endsWith diferencia maiúsculas), arrays, operadores (++ pré x pós, divisão inteira, casting), static, final, exceções (checked x unchecked, try/catch/finally), coleções (List/ArrayList, Set/HashSet, Map/HashMap), JVM, bytecode e garbage collector",4,23
2026-10-15,Qui,20:10,20:20,10,PAU,Pausa,Pausa,4,23
2026-10-15,Qui,20:20,21:00,40,ESP,Específicas,"20 questões de saída em Java + refaça Xinguara 30 (C#, mesma lógica) e 31",4,23
2026-10-15,Qui,21:00,21:40,40,RLO,Raciocínio Lógico,"Sistemas de numeração (bases 2, 3, 8 e 16 e conversões — refaça Jaboatão 18) e calendários (dia da semana depois de N dias, ano bissexto, resto da divisão por 7)",4,23
2026-10-15,Qui,21:40,22:00,20,REV,Revisão,Caderno de erros do dia e flashcards,4,23
2026-10-16,Sex,19:00,20:10,70,ESP,Específicas,"HTML5: tags semânticas (header, nav, main, section, article, aside, footer), novos tipos de input (date, time, email, number, range, color, url, tel), atributos de formulário (required, placeholder, pattern), audio, video, canvas, localStorage x sessionStorage. CSS3: seletores e especificidade, box model, display, position, flexbox, grid, media queries, unidades (px, em, rem, %, vh). JSON x XML",4,24
2026-10-16,Sex,20:10,20:20,10,PAU,Pausa,Pausa,4,24
2026-10-16,Sex,20:20,21:00,40,ESP,Específicas,"20 questões + refaça Xinguara 15, 17 e 18",4,24
2026-10-16,Sex,21:00,21:40,40,ETI,Ética e Legislação,"LGPD — tratamento pelo Poder Público (arts. 23 a 32), ANPD e sanções (arts. 52 a 54). Este bloco também vale para Específicas",4,24
2026-10-16,Sex,21:40,22:00,20,REV,Revisão,Caderno de erros do dia e flashcards,4,24
2026-10-17,Sáb,08:00,09:45,105,ESP,Específicas,"Frameworks front-end. React: componentes, JSX, props x state, hooks (useState, useEffect), virtual DOM, fluxo de dados unidirecional. Angular: TypeScript, componentes, módulos, serviços e injeção de dependência, diretivas (*ngIf, *ngFor), two-way binding [(ngModel)], RxJS. Vue: reatividade, diretivas (v-if, v-for, v-model, v-bind), Options API x Composition API, componentes de arquivo único. Monte uma tabela comparativa",4,25
2026-10-17,Sáb,09:45,10:00,15,PAU,Pausa,Pausa,4,25
2026-10-17,Sáb,10:00,10:45,45,ESP,Específicas,"25 questões — React, Angular e Vue",4,25
2026-10-17,Sáb,10:45,12:00,75,POR,Português,"Pontuação: vírgula na enumeração, no aposto, no vocativo, no adjunto adverbial deslocado, nas orações coordenadas, nas adverbiais antepostas, nas adjetivas explicativas e na elipse; vírgula proibida entre sujeito e verbo e entre verbo e complemento; ponto e vírgula, dois-pontos e travessão. Refaça Jaboatão 8",4,25
2026-10-17,Sáb,12:00,13:15,75,PAU,Pausa,Almoço,4,25
2026-10-17,Sáb,13:15,14:00,45,RLO,Raciocínio Lógico,"Probabilidade: clássica, complementar, união, condicional, eventos independentes e árvore de probabilidades. Refaça CREMERJ 12",4,25
2026-10-17,Sáb,14:00,15:15,75,RED,Redação,"Redação 4 — 'Acessibilidade digital no portal da Câmara (eMAG, WCAG e ABNT NBR 17225) como condição de cidadania'",4,25
2026-10-17,Sáb,15:15,15:30,15,REV,Revisão,Fechamento da semana — revisar o caderno de erros inteiro,4,25
2026-10-18,Dom,08:00,12:00,240,SIM,Simulado,Simulado 1 no horário da prova (08h–12h): 10 Português + 5 RL + 5 Ética + 20 Específicas (conteúdo das semanas 1 a 4) + redação — tema: 'O uso de inteligência artificial na tramitação de proposições legislativas',4,26
2026-10-18,Dom,12:00,13:30,90,PAU,Pausa,Almoço,4,26
2026-10-18,Dom,13:30,15:00,90,REV,Revisão,"Correção do simulado 1: nota por disciplina, tempo gasto por bloco, classificação A/B/C/D de cada erro e erros formais da redação",4,26
2026-10-19,Seg,19:00,20:10,70,ESP,Específicas,"HTTP: métodos (GET, POST, PUT, PATCH, DELETE, HEAD, OPTIONS), métodos seguros x idempotentes, códigos de status (200, 201, 204, 301, 302, 304, 400, 401, 403, 404, 405, 409, 422, 429, 500, 502, 503), cabeçalhos (Content-Type, Accept, Authorization, Cache-Control, ETag), cookies, HTTPS e TLS, HTTP/2",5,27
2026-10-19,Seg,20:10,20:20,10,PAU,Pausa,Pausa,5,27
2026-10-19,Seg,20:20,21:00,40,ESP,Específicas,20 questões — HTTP,5,27
2026-10-19,Seg,21:00,21:40,40,POR,Português,"Tipologia textual (narrativa, descritiva, argumentativa, expositiva, injuntiva, dialogal) e gêneros (artigo de opinião, editorial, crônica, notícia, relato, carta aberta, resenha). Caiu em 3 das 4 provas de nível superior: refaça CREMEC 1, Xinguara 6 e CREMERJ 2",5,27
2026-10-19,Seg,21:40,22:00,20,REV,Revisão,Caderno de erros do dia e flashcards,5,27
2026-10-20,Ter,19:00,20:10,70,ESP,Específicas,"REST: restrições de Fielding (cliente-servidor, stateless, cache, interface uniforme, sistema em camadas, código sob demanda), recursos e URIs, HATEOAS, modelo de maturidade de Richardson, versionamento (na URI, no cabeçalho ou por parâmetro), paginação e filtros. OpenAPI e Swagger (especificação em YAML ou JSON, Swagger UI, contrato da API). GraphQL: schema, query, mutation, subscription, resolvers, endpoint único, overfetching e underfetching",5,28
2026-10-20,Ter,20:10,20:20,10,PAU,Pausa,Pausa,5,28
2026-10-20,Ter,20:20,21:00,40,ESP,Específicas,"20 questões — REST, OpenAPI e GraphQL",5,28
2026-10-20,Ter,21:00,21:40,40,RLO,Raciocínio Lógico,"Razões e proporções, 'razões especiais' (velocidade média, escala, densidade), porcentagem, regra de três simples e composta",5,28
2026-10-20,Ter,21:40,22:00,20,REV,Revisão,Caderno de erros do dia e flashcards,5,28
2026-10-21,Qua,19:00,20:10,70,ESP,Específicas,"Autenticação x autorização; sessão x token. JWT: header.payload.signature em Base64URL, claims (iss, sub, aud, exp, iat), HS256 x RS256, é assinado e não criptografado, expiração e revogação. OAuth 2.0: papéis (resource owner, client, authorization server, resource server), fluxos (authorization code com PKCE, client credentials, device), access token x refresh token, escopos. OpenID Connect e id_token",5,29
2026-10-21,Qua,20:10,20:20,10,PAU,Pausa,Pausa,5,29
2026-10-21,Qua,20:20,21:00,40,ESP,Específicas,"20 questões — JWT, OAuth 2.0 e OpenID Connect",5,29
2026-10-21,Qua,21:00,21:40,40,POR,Português,"Funções da linguagem (referencial, emotiva, conativa, fática, metalinguística, poética — refaça CREMERJ 4) e tipos de argumento (autoridade, comprovação por dados, exemplificação, causa e consequência — refaça CREMERJ 7 e CREMEC 4)",5,29
2026-10-21,Qua,21:40,22:00,20,REV,Revisão,Caderno de erros do dia e flashcards,5,29
2026-10-22,Qui,19:00,20:10,70,ESP,Específicas,"OWASP Top 10: decore a edição 2021 (A01 Broken Access Control até A10 SSRF) e as mudanças da edição 2025 (Security Misconfiguration sobe para A02, entram Software Supply Chain Failures e Mishandling of Exceptional Conditions, SSRF passa para dentro de Broken Access Control) — confira a lista oficial em owasp.org/Top10. Injeção de SQL e XSS e como prevenir (consulta parametrizada, escaping, CSP), CSRF, CORS, validação de entradas (lista de permissões, sempre no servidor), gestão de segredos (cofre, variáveis de ambiente, nada no Git, rotação)",5,30
2026-10-22,Qui,20:10,20:20,10,PAU,Pausa,Pausa,5,30
2026-10-22,Qui,20:20,21:00,40,ESP,Específicas,20 questões — OWASP e desenvolvimento seguro,5,30
2026-10-22,Qui,21:00,21:40,40,RLO,Raciocínio Lógico,"Geometria básica: perímetros, áreas (quadrado, retângulo, triângulo, trapézio, círculo), teorema de Pitágoras, ângulos, volume de cubo e paralelepípedo",5,30
2026-10-22,Qui,21:40,22:00,20,REV,Revisão,Caderno de erros do dia e flashcards,5,30
2026-10-23,Sex,19:00,20:10,70,ESP,Específicas,"LGPD aplicada ao desenvolvimento: privacidade desde a concepção e por padrão (art. 46, § 2º), necessidade e minimização, anonimização x pseudonimização (arts. 5º, 12 e 13), registro das operações (art. 37), relatório de impacto (art. 38), atendimento dos direitos do titular (art. 18) dentro do sistema, comunicação de incidente (art. 48), segurança e boas práticas (arts. 46 a 50)",5,31
2026-10-23,Sex,20:10,20:20,10,PAU,Pausa,Pausa,5,31
2026-10-23,Sex,20:20,21:00,40,ESP,Específicas,20 questões — LGPD aplicada,5,31
2026-10-23,Sex,21:00,21:40,40,ETI,Ética e Legislação,Agentes de tratamento e encarregado (arts. 37 a 41) + revisão da LGPD em flashcards,5,31
2026-10-23,Sex,21:40,22:00,20,REV,Revisão,Caderno de erros do dia e flashcards,5,31
2026-10-24,Sáb,08:00,09:45,105,ESP,Específicas,"Acessibilidade digital: WCAG 2.1 e 2.2 (princípios POUR — perceptível, operável, compreensível, robusto; níveis A, AA e AAA; texto alternativo, contraste mínimo de 4,5:1, navegação por teclado, foco visível, legendas), eMAG (recomendações, atalhos Alt+1, Alt+2 e Alt+3, barra de acessibilidade, avaliação) e ABNT NBR 17225:2025 (requisitos de acessibilidade para conteúdo e aplicações web). Lei 14.129: interoperabilidade de sistemas e dados",5,32
2026-10-24,Sáb,09:45,10:00,15,PAU,Pausa,Pausa,5,32
2026-10-24,Sáb,10:00,10:45,45,ESP,Específicas,25 questões — acessibilidade e Governo Digital,5,32
2026-10-24,Sáb,10:45,12:00,75,POR,Português,"Coesão e coerência: referenciação (anáfora, catáfora, pronomes oblíquos como 'torná-lo' e 'desafiá-la' — refaça Xinguara 3), hiperônimos, sinônimos, elipse; 'onde' x 'em que' x 'quando' (refaça CREMERJ 8); paráfrase e reescrita que mantém sentido e correção",5,32
2026-10-24,Sáb,12:00,13:15,75,PAU,Pausa,Almoço,5,32
2026-10-24,Sáb,13:15,14:00,45,RLO,Raciocínio Lógico,Álgebra básica e sistemas lineares com 2 e 3 incógnitas (problemas de idades e de moedas) e princípio da regressão ou reversão (resolver de trás para frente com operações inversas),5,32
2026-10-24,Sáb,14:00,15:15,75,RED,Redação,"Redação 5 — 'Desenvolvimento seguro (OWASP, gestão de segredos, DevSecOps) na proteção dos sistemas públicos'",5,32
2026-10-24,Sáb,15:15,15:30,15,REV,Revisão,Fechamento da semana — revisar o caderno de erros inteiro,5,32
2026-10-25,Dom,08:00,12:00,240,SIM,Simulado,Simulado 2 no horário da prova (08h–12h): 10 Português + 5 RL + 5 Ética + 20 Específicas (conteúdo das semanas 1 a 5) + redação — tema: 'Proteção de dados pessoais nos sistemas de atendimento ao cidadão',5,33
2026-10-25,Dom,12:00,13:30,90,PAU,Pausa,Almoço,5,33
2026-10-25,Dom,13:30,15:00,90,REV,Revisão,"Correção do simulado 2: nota por disciplina, tempo gasto por bloco, classificação A/B/C/D de cada erro e erros formais da redação",5,33
2026-10-26,Seg,19:00,20:10,70,ESP,Específicas,"Engenharia de software: definição, camadas de Pressman (foco na qualidade, processo, métodos, ferramentas), atividades genéricas; modelos de processo: cascata, incremental, evolutivo e prototipação, espiral (análise de riscos), modelo em V, RUP (concepção, elaboração, construção, transição; disciplinas); modelos linear, iterativo, time-box e de fluxo contínuo",6,34
2026-10-26,Seg,20:10,20:20,10,PAU,Pausa,Pausa,6,34
2026-10-26,Seg,20:20,21:00,40,ESP,Específicas,"20 questões + refaça CREMEC 37, 39, 48 e 49 e Xinguara 25",6,34
2026-10-26,Seg,21:00,21:40,40,POR,Português,"Interpretação: ideia central, tese, inferência x extrapolação x redução, pressupostos e subentendidos; leitura de charges e tirinhas. Refaça CREMEC 8",6,34
2026-10-26,Seg,21:40,22:00,20,REV,Revisão,Caderno de erros do dia e flashcards,6,34
2026-10-27,Ter,19:00,20:10,70,ESP,Específicas,"Engenharia de requisitos: elicitação (entrevista, questionário, workshop/JAD, brainstorming, prototipação, observação, cenários), análise e negociação, especificação (documento de requisitos, histórias de usuário e critérios de aceitação), validação (revisões, protótipos) e gestão com rastreabilidade (matriz). Requisitos funcionais x não funcionais (desempenho, usabilidade, segurança, confiabilidade, portabilidade) x de domínio",6,35
2026-10-27,Ter,20:10,20:20,10,PAU,Pausa,Pausa,6,35
2026-10-27,Ter,20:20,21:00,40,ESP,Específicas,20 questões — requisitos,6,35
2026-10-27,Ter,21:00,21:40,40,RLO,Raciocínio Lógico,Revisão de lógica proposicional + refazer sem consulta as questões IDIB de RL,6,35
2026-10-27,Ter,21:40,22:00,20,REV,Revisão,Caderno de erros do dia e flashcards,6,35
2026-10-28,Qua,19:00,20:10,70,ESP,Específicas,"UML 2.x: os 14 diagramas (7 estruturais e 7 comportamentais). Casos de uso: ator, caso de uso, associação, include (obrigatório), extend (opcional ou condicional), generalização, fronteira do sistema. Revisão do diagrama de classes e análise e projeto orientados a objetos. Diagramas de objetos, pacotes, componentes e implantação (distribuição física de artefatos em nós)",6,36
2026-10-28,Qua,20:10,20:20,10,PAU,Pausa,Pausa,6,36
2026-10-28,Qua,20:20,21:00,40,ESP,Específicas,"20 questões + refaça CREMEC 28, 40, 45 e 46 (as figuras estão no PDF)",6,36
2026-10-28,Qua,21:00,21:40,40,POR,Português,"Verbos: tempos e modos (pretérito perfeito x imperfeito x mais-que-perfeito — refaça Xinguara 7), futuro do subjuntivo x infinitivo ('quando você ler' — refaça Xinguara 8), correlação verbal, vozes ativa, passiva analítica, passiva sintética e reflexiva",6,36
2026-10-28,Qua,21:40,22:00,20,REV,Revisão,Caderno de erros do dia e flashcards,6,36
2026-10-29,Qui,19:00,20:10,70,ESP,Específicas,"UML comportamental: sequência (linha de vida, mensagens síncrona, assíncrona e de retorno, fragmentos alt, opt, loop e par), comunicação, atividades (nós inicial e final, decisão, fork e join, raias) e máquina de estados (estado, transição, evento [guarda]/ação, estado composto). Visões 4+1 de Kruchten: lógica, processo, desenvolvimento, física e cenários",6,37
2026-10-29,Qui,20:10,20:20,10,PAU,Pausa,Pausa,6,37
2026-10-29,Qui,20:20,21:00,40,ESP,Específicas,20 questões + refaça CREMEC 42 e 47 e Xinguara 27,6,37
2026-10-29,Qui,21:00,21:40,40,RLO,Raciocínio Lógico,Probabilidade e combinatória — bateria de 10 questões,6,37
2026-10-29,Qui,21:40,22:00,20,REV,Revisão,Caderno de erros do dia e flashcards,6,37
2026-10-30,Sex,19:00,20:10,70,ESP,Específicas,"Qualidade: ISO/IEC 25010 (adequação funcional, eficiência de desempenho, compatibilidade, usabilidade, confiabilidade, segurança, manutenibilidade, portabilidade), garantia x controle de qualidade (SQA). Testes: níveis (unidade, integração, sistema, aceitação), caixa-preta (partição de equivalência, valor-limite) x caixa-branca (cobertura de comandos e decisões, complexidade ciclomática), regressão, smoke, TDD (vermelho, verde, refatorar), BDD, pirâmide de testes, mocks e stubs",6,38
2026-10-30,Sex,20:10,20:20,10,PAU,Pausa,Pausa,6,38
2026-10-30,Sex,20:20,21:00,40,ESP,Específicas,20 questões + refaça CREMEC 43,6,38
2026-10-30,Sex,21:00,21:40,40,ETI,Ética e Legislação,"Noções de segurança da informação no serviço público (confidencialidade, integridade, disponibilidade, autenticidade; senhas, MFA, phishing, backup — refaça CREMEC 20) e uso ético de IA (finalidade, transparência, supervisão humana, proteção de dados)",6,38
2026-10-30,Sex,21:40,22:00,20,REV,Revisão,Caderno de erros do dia e flashcards,6,38
2026-10-31,Sáb,08:00,09:45,105,ESP,Específicas,"Ágil: Manifesto (4 valores, 12 princípios). Scrum pelo Guia 2020: Product Owner, Scrum Master e Developers; Sprint, Sprint Planning, Daily Scrum (15 min), Sprint Review e Sprint Retrospective; Product Backlog (Meta do Produto), Sprint Backlog (Meta da Sprint) e Incremento (Definição de Pronto); timeboxes. Kanban: quadro, limite de WIP, sistema puxado, lead time x cycle time. XP: programação em par, TDD, integração contínua, refatoração, pequenas entregas",6,39
2026-10-31,Sáb,09:45,10:00,15,PAU,Pausa,Pausa,6,39
2026-10-31,Sáb,10:00,10:45,45,ESP,Específicas,"25 questões — Scrum, Kanban e XP",6,39
2026-10-31,Sáb,10:45,12:00,75,POR,Português,"Significação: sinônimos e antônimos (refaça Jaboatão 2), parônimos (eminente/iminente, ratificar/retificar, descrição/discrição), homônimos, polissemia, denotação x conotação, inferência pelo contexto (refaça CREMERJ 3). Depois, Planaltina 2018 questões 1 a 20 como bateria",6,39
2026-10-31,Sáb,12:00,13:15,75,PAU,Pausa,Almoço,6,39
2026-10-31,Sáb,13:15,14:00,45,RLO,Raciocínio Lógico,Bateria mista de 15 questões de nível superior,6,39
2026-10-31,Sáb,14:00,15:15,75,RED,Redação,Redação 6 — 'Manutenção e modernização de sistemas legados no setor público: desafios e boas práticas',6,39
2026-10-31,Sáb,15:15,15:30,15,REV,Revisão,Fechamento da semana — revisar o caderno de erros inteiro,6,39
2026-11-01,Dom,08:00,12:00,240,SIM,Simulado,Simulado 3 no horário da prova (08h–12h): 10 Português + 5 RL + 5 Ética + 20 Específicas (conteúdo das semanas 1 a 6) + redação — tema: 'A transformação digital do processo legislativo municipal',6,40
2026-11-01,Dom,12:00,13:30,90,PAU,Pausa,Almoço,6,40
2026-11-01,Dom,13:30,15:00,90,REV,Revisão,"Correção do simulado 3: nota por disciplina, tempo gasto por bloco, classificação A/B/C/D de cada erro e erros formais da redação",6,40
2026-11-02,Seg,19:00,20:10,70,ESP,Específicas,"DevOps: cultura (CALMS), os três caminhos, métricas DORA (frequência de deploy, lead time de mudança, taxa de falha de mudança, tempo de recuperação). CI/CD: integração contínua, entrega contínua x implantação contínua, estágios do pipeline, blue-green, canary, feature flags. DevSecOps: shift-left, SAST x DAST x SCA x IAST, segredos no pipeline. Contêineres: imagem x contêiner, Dockerfile (noções)",7,41
2026-11-02,Seg,20:10,20:20,10,PAU,Pausa,Pausa,7,41
2026-11-02,Seg,20:20,21:00,40,ESP,Específicas,"20 questões — DevOps, CI/CD e DevSecOps",7,41
2026-11-02,Seg,21:00,21:40,40,POR,Português,Revisão — período composto e funções do QUE: 20 questões,7,41
2026-11-02,Seg,21:40,22:00,20,REV,Revisão,Caderno de erros do dia e flashcards,7,41
2026-11-03,Ter,19:00,20:10,70,ESP,Específicas,"Git: working directory, staging e repositório; init, clone, add, commit, status, log, diff, branch, checkout e switch, merge, rebase, fetch, pull, push, stash, tag, cherry-pick; reset --soft, --mixed e --hard x revert; merge x rebase; conflitos; .gitignore; Git Flow, GitHub Flow e trunk-based; pull request",7,42
2026-11-03,Ter,20:10,20:20,10,PAU,Pausa,Pausa,7,42
2026-11-03,Ter,20:20,21:00,40,ESP,Específicas,20 questões — Git,7,42
2026-11-03,Ter,21:00,21:40,40,RLO,Raciocínio Lógico,Revisão de conjuntos e sequências — 10 questões,7,42
2026-11-03,Ter,21:40,22:00,20,REV,Revisão,Caderno de erros do dia e flashcards,7,42
2026-11-04,Qua,19:00,20:10,70,ESP,Específicas,"IA I: IA x aprendizado de máquina x aprendizado profundo; supervisionado (classificação, regressão), não supervisionado (agrupamento, redução de dimensionalidade) e por reforço; treino, validação e teste; overfitting x underfitting; métricas (acurácia, precisão, revocação, F1, matriz de confusão); redes neurais (noções)",7,43
2026-11-04,Qua,20:10,20:20,10,PAU,Pausa,Pausa,7,43
2026-11-04,Qua,20:20,21:00,40,ESP,Específicas,20 questões + refaça Xinguara 33,7,43
2026-11-04,Qua,21:00,21:40,40,POR,Português,"Revisão — concordância, regência e crase: 20 questões",7,43
2026-11-04,Qua,21:40,22:00,20,REV,Revisão,Caderno de erros do dia e flashcards,7,43
2026-11-05,Qui,19:00,20:10,70,ESP,Específicas,"IA II: LLMs (transformer, tokens, janela de contexto, temperatura, alucinação, embeddings, RAG, fine-tuning); integração com APIs de IA generativa (requisição HTTP, chave de API tratada como segredo, limite de taxa, custo por token, streaming); engenharia de prompts (zero-shot, few-shot, cadeia de raciocínio, papel, formato de saída, delimitadores); riscos (viés, alucinação, prompt injection, vazamento de dados); governança e uso responsável no setor público (transparência, explicabilidade, supervisão humana, LGPD). Confira se alguma lei de IA entrou em vigor antes de 11/09/2026 — pelo item 14.6 do edital, ela pode cair",7,44
2026-11-05,Qui,20:10,20:20,10,PAU,Pausa,Pausa,7,44
2026-11-05,Qui,20:20,21:00,40,ESP,Específicas,20 questões — IA generativa e governança,7,44
2026-11-05,Qui,21:00,21:40,40,RLO,Raciocínio Lógico,Bateria mista de 10 questões,7,44
2026-11-05,Qui,21:40,22:00,20,REV,Revisão,Caderno de erros do dia e flashcards,7,44
2026-11-06,Sex,19:00,20:10,70,ESP,Específicas,Revisão dirigida: os 3 assuntos de Específicas com pior percentual nos simulados 1 a 3 — teoria curta e questões novas,7,45
2026-11-06,Sex,20:10,20:20,10,PAU,Pausa,Pausa,7,45
2026-11-06,Sex,20:20,21:00,40,ESP,Específicas,20 questões dos mesmos assuntos,7,45
2026-11-06,Sex,21:00,21:40,40,ETI,Ética e Legislação,"Bateria de 20 questões de Ética e Legislação (LGPD, LAI, Lei 14.129, ética)",7,45
2026-11-06,Sex,21:40,22:00,20,REV,Revisão,Caderno de erros do dia e flashcards,7,45
2026-11-07,Sáb,08:00,09:45,105,ESP,Específicas,"Revisão de POO, Patterns e SOLID por flashcards + rastreio de código nas quatro linguagens (Python, JavaScript, TypeScript e Java): 5 trechos de cada, com teste de mesa",7,46
2026-11-07,Sáb,09:45,10:00,15,PAU,Pausa,Pausa,7,46
2026-11-07,Sáb,10:00,10:45,45,ESP,Específicas,25 questões mistas de programação,7,46
2026-11-07,Sáb,10:45,12:00,75,POR,Português,"Revisão — colocação pronominal, acentuação e pontuação + bateria mista de 20 questões",7,46
2026-11-07,Sáb,12:00,13:15,75,PAU,Pausa,Almoço,7,46
2026-11-07,Sáb,13:15,14:00,45,RLO,Raciocínio Lógico,Revisão pelo caderno de erros de RL,7,46
2026-11-07,Sáb,14:00,15:15,75,RED,Redação,Redação 7 — 'Metodologias ágeis e DevOps na administração pública: benefícios e limites',7,46
2026-11-07,Sáb,15:15,15:30,15,REV,Revisão,Fechamento da semana — revisar o caderno de erros inteiro,7,46
2026-11-08,Dom,08:00,12:00,240,SIM,Simulado,Simulado 4 no horário da prova (08h–12h): 10 Português + 5 RL + 5 Ética + 20 Específicas (todo o edital) + redação — tema: 'Qualidade e testes de software como garantia de serviços públicos confiáveis',7,47
2026-11-08,Dom,12:00,13:30,90,PAU,Pausa,Almoço,7,47
2026-11-08,Dom,13:30,15:00,90,REV,Revisão,"Correção do simulado 4: nota por disciplina, tempo gasto por bloco, classificação A/B/C/D de cada erro e erros formais da redação",7,47
2026-11-09,Seg,19:00,20:10,70,ESP,Específicas,"Revisão: estruturas de dados, ordenação, complexidade e recursão — refaça a tabela-resumo de custos de memória",8,48
2026-11-09,Seg,20:10,20:20,10,PAU,Pausa,Pausa,8,48
2026-11-09,Seg,20:20,21:00,40,ESP,Específicas,20 questões mistas do bloco,8,48
2026-11-09,Seg,21:00,21:40,40,POR,Português,Interpretação e gêneros: 2 textos longos com 10 questões,8,48
2026-11-09,Seg,21:40,22:00,20,REV,Revisão,Caderno de erros do dia e flashcards,8,48
2026-11-10,Ter,19:00,20:10,70,ESP,Específicas,"Revisão: normalização, SQL (escreva 10 consultas), transações e isolamento, NoSQL",8,49
2026-11-10,Ter,20:10,20:20,10,PAU,Pausa,Pausa,8,49
2026-11-10,Ter,20:20,21:00,40,ESP,Específicas,20 questões de banco de dados,8,49
2026-11-10,Ter,21:00,21:40,40,RLO,Raciocínio Lógico,Bateria mista de 10 questões,8,49
2026-11-10,Ter,21:40,22:00,20,REV,Revisão,Caderno de erros do dia e flashcards,8,49
2026-11-11,Qua,19:00,20:10,70,ESP,Específicas,"Revisão: HTTP, REST, JWT e OAuth 2.0, OWASP, HTML, CSS e frameworks",8,50
2026-11-11,Qua,20:10,20:20,10,PAU,Pausa,Pausa,8,50
2026-11-11,Qua,20:20,21:00,40,ESP,Específicas,"20 questões de web, APIs e segurança",8,50
2026-11-11,Qua,21:00,21:40,40,POR,Português,"Bateria mista de 20 questões, guiada pelo caderno de erros",8,50
2026-11-11,Qua,21:40,22:00,20,REV,Revisão,Caderno de erros do dia e flashcards,8,50
2026-11-12,Qui,19:00,20:10,70,ESP,Específicas,"Revisão: processos de software, requisitos, UML, testes, Scrum e Kanban, DevOps e Git",8,51
2026-11-12,Qui,20:10,20:20,10,PAU,Pausa,Pausa,8,51
2026-11-12,Qui,20:20,21:00,40,ESP,Específicas,20 questões de engenharia de software,8,51
2026-11-12,Qui,21:00,21:40,40,RLO,Raciocínio Lógico,Revisão de lógica proposicional e argumentação,8,51
2026-11-12,Qui,21:40,22:00,20,REV,Revisão,Caderno de erros do dia e flashcards,8,51
2026-11-13,Sex,19:00,20:10,70,ESP,Específicas,"Revisão: LGPD aplicada, acessibilidade (WCAG, eMAG, NBR 17225), Lei 14.129 e IA",8,52
2026-11-13,Sex,20:10,20:20,10,PAU,Pausa,Pausa,8,52
2026-11-13,Sex,20:20,21:00,40,ESP,Específicas,20 questões do bloco,8,52
2026-11-13,Sex,21:00,21:40,40,ETI,Ética e Legislação,"Lei seca final — LGPD (arts. 5º, 6º, 7º, 11, 18, 23, 37 a 41, 46 a 48 e 52), LAI (prazos e sigilo), Lei 14.129 (princípios)",8,52
2026-11-13,Sex,21:40,22:00,20,REV,Revisão,Caderno de erros do dia e flashcards,8,52
2026-11-13,Sex,22:00,22:10,10,ADM,Logística,Consultar o local de prova na Área do Candidato (divulgação hoje) e planejar o trajeto,8,52
2026-11-14,Sáb,08:00,09:45,105,ESP,Específicas,Revisão dos pontos fracos pelo caderno de erros — tudo o que está marcado A ou B,8,53
2026-11-14,Sáb,09:45,10:00,15,PAU,Pausa,Pausa,8,53
2026-11-14,Sáb,10:00,10:45,45,ESP,Específicas,25 questões mistas de todo o edital,8,53
2026-11-14,Sáb,10:45,12:00,75,POR,Português,Revisão geral por flashcards de regras + 20 questões,8,53
2026-11-14,Sáb,12:00,13:15,75,PAU,Pausa,Almoço,8,53
2026-11-14,Sáb,13:15,14:00,45,RLO,Raciocínio Lógico,Bateria mista de 10 questões,8,53
2026-11-14,Sáb,14:00,15:15,75,RED,Redação,"Redação 8 — 'Interoperabilidade e Governo Digital: integração dos sistemas do Legislativo com os demais órgãos'. Corrija com rigor pela grade: conte os erros formais (−0,25 cada)",8,53
2026-11-14,Sáb,15:15,15:30,15,REV,Revisão,Fechamento da semana — revisar o caderno de erros inteiro,8,53
2026-11-15,Dom,08:00,12:00,240,SIM,Simulado,Simulado 5 no horário da prova (08h–12h): 10 Português + 5 RL + 5 Ética + 20 Específicas (todo o edital) + redação — tema: 'Transparência algorítmica: uso responsável de IA pelo Poder Público',8,54
2026-11-15,Dom,12:00,13:30,90,PAU,Pausa,Almoço,8,54
2026-11-15,Dom,13:30,15:00,90,REV,Revisão,"Correção do simulado 5: nota por disciplina, tempo gasto por bloco, classificação A/B/C/D de cada erro e erros formais da redação",8,54
2026-11-16,Seg,19:00,20:10,70,ESP,Específicas,Caderno de erros de Específicas — reler tudo o que é tipo A e B,9,55
2026-11-16,Seg,20:10,20:20,10,PAU,Pausa,Pausa,9,55
2026-11-16,Seg,20:20,21:00,40,ESP,Específicas,20 questões mistas,9,55
2026-11-16,Seg,21:00,21:40,40,POR,Português,"Resumo de 1 página: crase, colocação, concordância e regência",9,55
2026-11-16,Seg,21:40,22:00,20,REV,Revisão,Caderno de erros do dia e flashcards,9,55
2026-11-17,Ter,19:00,20:10,70,ESP,Específicas,"Listas para memorizar: códigos HTTP, OWASP Top 10, papéis e eventos do Scrum, SOLID, padrões GoF, formas normais, ACID e níveis de isolamento, os 14 diagramas UML, princípios POUR da WCAG",9,56
2026-11-17,Ter,20:10,20:20,10,PAU,Pausa,Pausa,9,56
2026-11-17,Ter,20:20,21:00,40,ESP,Específicas,20 questões mistas,9,56
2026-11-17,Ter,21:00,21:40,40,RLO,Raciocínio Lógico,"Folha de fórmulas: conjuntos, PA e PG, combinatória, probabilidade",9,56
2026-11-17,Ter,21:40,22:00,20,REV,Revisão,Caderno de erros do dia e flashcards,9,56
2026-11-18,Qua,19:00,20:10,70,ESP,Específicas,"Mini-simulado: 20 questões de Específicas em 50 minutos, com 5 alternativas",9,57
2026-11-18,Qua,20:10,20:20,10,PAU,Pausa,Pausa,9,57
2026-11-18,Qua,20:20,21:00,40,ESP,Específicas,Correção do mini-simulado,9,57
2026-11-18,Qua,21:00,21:40,40,POR,Português,15 questões leves de Português,9,57
2026-11-18,Qua,21:40,22:00,20,REV,Revisão,Caderno de erros do dia e flashcards,9,57
2026-11-19,Qui,19:00,20:10,70,ESP,Específicas,Revisão leve dos flashcards de Específicas,9,58
2026-11-19,Qui,20:10,20:20,10,PAU,Pausa,Pausa,9,58
2026-11-19,Qui,20:20,21:00,40,ESP,Específicas,15 questões de rastreio de código e SQL,9,58
2026-11-19,Qui,21:00,21:40,40,ETI,Ética e Legislação,"Revisão final de LGPD, LAI e Lei 14.129 pelos flashcards",9,58
2026-11-19,Qui,21:40,22:00,20,REV,Revisão,Caderno de erros do dia e flashcards,9,58
2026-11-20,Sex,09:00,10:00,60,RED,Redação,"Releia as 8 redações e as correções; fixe 2 modelos de introdução, 2 de conclusão e um repertório técnico-legal (LGPD, Lei 14.129, WCAG e eMAG, OWASP, supervisão humana na IA)",9,59
2026-11-20,Sex,10:00,10:15,15,PAU,Pausa,Pausa,9,59
2026-11-20,Sex,10:15,11:15,60,REV,Revisão,Releia as provas IDIB antigas (CREMEC e Xinguara) e as pegadinhas anotadas,9,59
2026-11-20,Sex,11:15,11:45,30,REV,Revisão,Flashcards de Português e RL,9,59
2026-11-21,Sáb,09:00,10:00,60,REV,Revisão,Flashcards — só o que já está marcado como difícil. Nada de assunto novo,9,60
2026-11-21,Sáb,10:00,10:20,20,ADM,Logística,"Separar documento oficial com foto, 2 canetas esferográficas pretas ou azuis de corpo transparente, água e lanche; conferir local e trajeto; despertador para 05h30",9,60
2026-11-22,Dom,08:00,12:00,240,PRV,Prova,"PROVA — objetiva e redação, das 08h00 às 12h00. Comece por Específicas (peso 2); faça a redação no meio da prova, não no fim; marque o cartão-resposta até 11h30 e anote no caderno de questões as que valem recurso",9,61
